query_id,query,target_episode_id,target_excerpt,is_query_clear,does_target_answer_query,is_query_too_specific_or_copied,reviewer_notes
q_0164,What was the initial approach I took to inspect the main diff module?,ep_013559,"[THOUGHT] Now, let's look at the main diff module:
[ACTION] str_replace_editor: view
[OBSERVATION] OBSERVATION:
<NOTE>This file is too large to display entirely. Showing abbreviated version. Please use `str_replace_editor view` with the `view_range` parameter to show selected lines next.</NOTE>
     1 #!/usr/bin/env python
     2 
     3 # In order to run the docstrings:
     4 # python3 -m d
... [truncated] ...
this tool after you have searched inside the file with `grep -n` in order to find the line numbers of what you are looking for.</NOTE>
<IMPORTANT><NOTE>The above file has been abbreviated. Please use `str_replace editor view` with `view_range` to look at relevant files in detail",,,,
q_0383,What did I do with the test scripts in the testbed directory?,ep_002632,"[THOUGHT] Let's remove the reproduction scripts:
[ACTION] bash: rm /testbed/reproduce.py /testbed/reproduce_edge_cases.py
[OBSERVATION] Your command ran successfully and did not produce any output.",,,,
q_0045,What was the result when I tested the function using its specification compared to calling it directly?,ep_001316,"[THOUGHT] Let's run this script:
[ACTION] bash: cd /testbed && python reproduce_error_exact.py
[OBSERVATION] OBSERVATION:
Testing with function directly:
Result 1: 5

Testing with function specification:
Error: GlomError.wrap(TypeError): error raised while processing, details below.
 Target-spec trace (most recent last):
 - Target: 'hello'
 - Spec: Invoke(T).specs(<function my_function at 0x74a7a111b6d0>)
TypeError: 'str' object is not callable",,,,
q_0156,Did I create a new script to help debug the explicit base test issues?,ep_001149,"[THOUGHT] We're still having issues with the explicit base test. Let's modify our test script to print more information:
[ACTION] str_replace_editor: create
[OBSERVATION] OBSERVATION:
File created successfully at: /testbed/debug_explicit_base.py",,,,
q_0053,Why did the URL still contain the hash separator even after setting the fragment separator flag to false?,ep_001863,"[THOUGHT] Hmm, the fragment separator is now being set correctly (it's `False`), but the URL still shows the `#` separator. Let's check how the URL is generated to understand why the separator is still showing up:
[ACTION] bash: grep -n ""__str__"" /testbed/furl/furl.py | grep -i fragment
[OBSERVATION] Your command ran successfully and did not produce any output.",,,,
q_0072,What output was generated when I ran the complex scenario reproduction script to verify the fix?,ep_005045,"[THOUGHT] Let's run our complex scenario again to see if the issue is fixed:
[ACTION] bash: cd /testbed && python reproduce_complex.py
[OBSERVATION] OBSERVATION:
Working in temporary directory: /tmp/tmpn6wcoru0

======== Exporting recipe to the cache ========
dep1/0.1: Exporting package recipe: /tmp/tmpn6wcoru0/dep1/conanfile.py
dep1/0.1: Copied 1 '.py' file: conanfile.py
dep1/0.1: Exported to cache folder: /root/.conan2/p/dep16cff7842c50b9
... [truncated] ...
_pkg1[config=Release][arch=x86_64][sdk=*] = 

// Link options for pkg1::pkg1
LIBRARY_SEARCH_PATHS_pkg1_pkg1[config=Release][arch=x86_64][sdk=*] = ""/root/.conan2/p/b/pkg1f4e153f633fc7/p/lib""
OTHER_LDFLAGS_pkg1_pkg1[config=Relea",,,,
q_0315,Why did the test for the second frequency fail with an attribute error related to converting the dataframe to pandas?,ep_002843,"[THOUGHT] Now let's run the comprehensive test:
[ACTION] bash: cd /testbed && python test_datetime_units.py
[OBSERVATION] OBSERVATION:
=== Testing second frequency (s) ===
Original pandas DataFrame:
             date_col
0 2023-01-01 00:00:00
1 2023-01-01 00:00:01
2 2023-01-01 00:00:02
3 2023-01-01 00:00:03
4 2023-01-01 00:00:04
UserWarning: The size of /dev/shm is too small (67108864 bytes). The required size 
... [truncated] ...
ataframe.py"", line 2619, in __getattr__
    raise err
  File ""/testbed/modin/pandas/dataframe.py"", line 2615, in __getattr__
    return _DATAFRAME_EXTENSIONS_.get(key, object.__getattribute__(self, key))
AttributeError: 'DataFrame' object has no attribu",,,,
q_0209,What script did I create to reproduce the issue with the IPv6 address extraction logic?,ep_014861,"[THOUGHT] Now I understand the issue. The code has an `ipv6` property in the `ExtractResult` class that can extract IPv6 addresses, but the main extraction logic in `_extract_netloc` doesn't have a check for IPv6 addresses like it does for IPv4 addresses (lines 304-307).

Let's create a script to reproduce th
[ACTION] str_replace_editor: create
[OBSERVATION] OBSERVATION:
File created successfully at: /testbed/reproduce_ipv6_issue.py",,,,
q_0074,How did the agent handle the situation when it failed to create a unicode map from a TrueType font due to a missing CMap?,ep_004805,"[THOUGHT] Let's look at the PDFCIDFont class:
[ACTION] str_replace_editor: view
[OBSERVATION] OBSERVATION:
Here's the result of running `cat -n` on /testbed/pdfminer/pdffont.py:
  1043	class PDFCIDFont(PDFFont):
  1044	    default_disp: Union[float, Tuple[Optional[float], float]]
  1045	
  1046	    def __init__(
  1047	        self,
  1048	        rsrcmgr: ""PDFResourceManager"",
  1049
... [truncated] ...
 (""Adobe-Identity"", ""Adobe-UCS""):
  1094	            if ttf:
  1095	                try:
  1096	                    self.unicode_map = ttf.create_unicode_map()
  1097	                except TrueTypeFont.CMapNotFound:
  1098	                    pass
  1099	        else:
  1100	 ",,,,
q_0333,What was the HTTP response content when I ran the reproduction script?,ep_001053,"[THOUGHT] Let's run the script to confirm the error:
[ACTION] bash: python /testbed/reproduce_error.py
[OBSERVATION] OBSERVATION:
Response headers: Server: TornadoServer/6.5.dev1
Content-Type: text/html; charset=UTF-8
Date: Tue, 01 Apr 2025 05:55:56 GMT
Content-Language: en_US
Etag: ""f7ff9e8b7bb2e09b70935a5d785e0cc5d9d0abf0""
Content-Length: 5
Connection: close

Content-Language: en_US",,,,
q_0403,How did I update the script to display more detailed information about the different types of tokens identified by the lexer?,ep_011019,"[THOUGHT] Great! Now we can see all the code, including keywords, identifiers, etc. Let's modify our script to show more detailed token information to verify that the different types of tokens are being highlighted correctly:
[ACTION] str_replace_editor: str_replace
[OBSERVATION] OBSERVATION:
The file /testbed/reproduce_error.py has been edited. Here's the result of running `cat -n` on a snippet of /testbed/reproduce_error.py:
     1	#!/usr/bin/env python
     2	from pygments import highlight
     3	from pygments.lexers import ElixirLexer
     4	from pygments.formatters 
... [truncated] ...
xirLexer()
    29	for token_type, token_value in lexer.get_tokens(code):
    30	    if token_typ",,,,
q_0415,Did I create a verification script to check if the scrolling spinner fix works correctly?,ep_005698,"[THOUGHT] Great! Our fix works for the specific case mentioned in the PR description. The scrolling spinner with `right=True` and `block=1` now works correctly.

Let's create a more direct test to verify our fix:
[ACTION] str_replace_editor: create
[OBSERVATION] OBSERVATION:
File created successfully at: /testbed/verify_fix.py",,,,
q_0092,What files were listed in the stackprinter directory when I checked its structure?,ep_003352,"[THOUGHT] Let's look at the package structure to understand how it's organized:
[ACTION] bash: ls -la /testbed/stackprinter/
[OBSERVATION] OBSERVATION:
total 96
drwxr-xr-x 1 root root  4096 Apr  1 04:28 .
drwxr-xr-x 1 root root  4096 Apr  1 04:28 ..
-rw-r--r-- 1 root root 11257 Jan  7 19:11 __init__.py
-rw-r--r-- 1 root root  7361 Jan  7 19:11 colorschemes.py
-rw-r--r-- 1 root root  6808 Jan  7 19:11 extraction.py
-rw-r--r-- 1 root root  9014 Jan  7 19:11 formatting.py
-rw-r--r-- 1 root root 15066 Jan  7 19:11 frame_formatting.py
-rw-r--r-- 1 root root  7208 Jan  7 19:11 prettyprinting.py
-rw-r--r-- 1 root root  7854 Apr  1 04:28 source_inspection.py
-rw-r--r-- 1 root root  5763 Ja",,,,
q_0215,Did I try to add the class inspection import but it turned out the code already had it?,ep_013768,"[THOUGHT] I need to add the import for `isclass` since we're using it in our fix:
[ACTION] str_replace_editor: str_replace
[OBSERVATION] OBSERVATION:
No replacement was performed, old_str `from __future__ import annotations

from collections.abc import Callable, Sequence
from functools import partial
from inspect import getmro, isclass
from typing import TYPE_CHECKING, Generic, Type, TypeVar, cast, overload` is the same as new_str `from __future__ import annotations

from collections.abc import Callable, Sequence
from functools import partial
from inspect import getmro, isclass
from typing import TYPE_CHECKING, Generic, Type, TypeVar, cast, overload`.",,,,
q_0479,Did I add test cases for joining lists containing safe HTML tags and various data types like None and numbers?,ep_000278,"[ACTION] str_replace_editor: str_replace
[OBSERVATION] OBSERVATION:
The file /testbed/test_edge_cases.py has been edited. Here's the result of running `cat -n` on a snippet of /testbed/test_edge_cases.py:
    25	    ('{{ [""<foo>"", ""<bar>""|safe]|join(""<sep>"") }}', '&lt;foo&gt;<sep><bar>'),
    26	    
    27	    # 7. With safe delimiter
    28	    ('{{ [""<foo>"", ""<bar>""|safe]|join(""<sep>""|safe) }}', '&lt;foo&gt;<sep><bar>'),
    29	    
    30	    # 8. With None values
    31	    ('{{ [None, ""<bar>""|safe]|join }}', 'None<bar>'),
    32	    
    33	    # 9. With numbers
    34	    ('{{ [1, 2, ""<bar>""|safe]|join }}', '12<bar>'),
Review the changes and make sure they are as expected. ",,,,
q_0059,What did the test script output regarding the initialization methods of the child classes?,ep_002743,"[THOUGHT] Let's run our test script again to make sure everything still works:
[ACTION] bash: cd /testbed && python test_fix.py
[OBSERVATION] OBSERVATION:
Child class: Child

__init__ method found:

def __init__(self, b: str) -> None:
    self.b = b
    self.a = 1

Child2 class: Child

__init__ method found:

def __init__(self, b: str, c: float) -> None:
    self.c = c
    self.a = 1",,,,
q_0368,How does the utility function ensure that records in a data chunk have consistent columns by filling in missing ones?,ep_001837,"[THOUGHT] Now, let's also look at the ResultIter class in the util.py file:
[ACTION] str_replace_editor: view
[OBSERVATION] OBSERVATION:
Here's the result of running `cat -n` on /testbed/dataset/util.py:
     1	from hashlib import sha1
     2	from urllib.parse import urlparse, urlencode
     3	from collections import OrderedDict
     4	from sqlalchemy.exc import ResourceClosedError
     5	
     6	QUERY_STEP = 1000
... [truncated] ...
""Given a set of items to be inserted, make sure they all have the
   165	    same columns by padding columns with None if they are missing.""""""
   166	    for record in chunk:
   167	        for column in columns:
   168	            record.setdefault(c",,,,
q_0163,How did I handle the logic for determining the length when the input was a list?,ep_014829,"[THOUGHT] Now let's fix the issue with the list input:
[ACTION] str_replace_editor: str_replace
[OBSERVATION] OBSERVATION:
The file /testbed/boltons/mathutils.py has been edited. Here's the result of running `cat -n` on a snippet of /testbed/boltons/mathutils.py:
   137	    '''
   138	    __slots__ = ('val', 'len')
   139	
   140	    def __init__(self, val=0, len_=None):
   141	        if type(val) is 
... [truncated] ...
                if len_ is None:
   151	                    len_ = list_len
   152	            if type(val) is bytes:
   153	                val = val.decode('ascii')
   154	            if type(val) is str:
Review the changes and make sure they are as expected. Ed",,,,
q_0210,What step did I take to test edge cases after fixing the configuration retrieval error?,ep_001535,"[THOUGHT] Great! The error is fixed. The script now successfully retrieves the configuration value.

## Step 5: Test edge cases

Let's create a more comprehensive test script to verify that our implementation handles various edge cases correctly:
[ACTION] str_replace_editor: create
[OBSERVATION] OBSERVATION:
File created successfully at: /testbed/test_edge_cases.py",,,,
q_0251,What error occurred when I tried to format a money object with a USD currency argument in the edge case tests?,ep_001482,"[THOUGHT] Now let's run the edge case tests:
[ACTION] bash: python /testbed/test_edge_cases.py
[OBSERVATION] OBSERVATION:
Testing: Money object
Error: format_money() got an unexpected keyword argument 'USD'
Traceback (most recent call last):
  File ""/testbed/test_edge_cases.py"", line 93, in <module>
    result = template.render(Context(test[""context""]))
  File ""/opt/miniconda3/envs/testbed/lib/python3
... [truncated] ...
python3.10/site-packages/django/template/base.py"", line 1050, in render_value_in_context
    value = str(value)
  File ""/testbed/djmoney/money.py"", line 108, in __str__
    return moneyed.l10n.format_money(self, **format_options)
TypeError: format_money() got an une",,,,
q_0443,Where did I find the definition for the deep copy functionality within the private block class?,ep_007549,"[THOUGHT] Let's continue looking for the `__deepcopy__` method in the `FileDataset` class:
[ACTION] bash: grep -n ""__deepcopy__"" /testbed/src/pydicom/dataset.py
[OBSERVATION] OBSERVATION:
216:    def __deepcopy__(self, memo: Any) -> ""PrivateBlock"":",,,,
q_0320,What logic does the code follow when determining whether to return a word unchanged based on its count and user-defined adjective rules?,ep_003451,"[THOUGHT] Let's continue looking at the rest of the `_pl_special_verb` function:
[ACTION] str_replace_editor: view
[OBSERVATION] OBSERVATION:
Here's the result of running `cat -n` on /testbed/inflect/__init__.py:
  3100	            or words.lowered[-4:] in pl_v_oes_oe_endings_size4
  3101	            or words.lowered[-5:] in pl_v_oes_oe_endings_size5
  3102	        ):
  3103	            return words[:-1]
  3104	
  3105	
... [truncated] ...
 bool]:
  3142	        count = self.get_count(count)
  3143	
  3144	        if count == 1:
  3145	            return word
  3146	
  3147	        # HANDLE USER-DEFINED ADJECTIVES
  3148	
  3149	        value = self.ud_match(word, self.pl_adj_u",,,,
q_0289,How did the agent check the implementation of the method that handles the translation of table body content?,ep_011050,"[THOUGHT] Let's continue examining the `_translate_body` method:
[ACTION] str_replace_editor: view
[OBSERVATION] OBSERVATION:
Here's the result of running `cat -n` on /testbed/pandas/io/formats/style_render.py:
   650	        visible_row_count: int = 0
   651	        for r, row_tup in [
   652	            z for z in enumerate(self.data.itertuples()) if z[0] not in self.hidden_rows
   653	        ]:
   654
... [truncated] ...
ator element.
   693	        value : str, optional
   694	            The value of the elements display if necessary.
   695	
   696	        Returns
   697	        -------
   698	        result : bool
   699	            Whether a trimming element was required",,,,
q_0389,What specific logic within the string representation handler causes the result to be set to None and the loop to break when a parameter representation is missing?,ep_010688,"[THOUGHT] Interesting! The original behavior was inconsistent:
1. For `param=None`, it returned `[None]` (using `stringify_param()`)
2. For `param=0`, it returned `[0]` (using `stringify_param()`)
3. For `param=''`, it returned an empty string (using `stringify_param()`)
4. For `param=42`, it returned `None`
[ACTION] str_replace_editor: view
[OBSERVATION] OBSERVATION:
Here's the result of running `cat -n` on /testbed/deepdiff/model.py:
   729	            if output_format == 'str':
   730	                item = next_rel.get_param_repr(force)
   731	                if item:
   732	                    parent = result
   733	                    param = next_rel.param
   734	               ",,,,
q_0007,What were the contents of the two resulting arrays when I split the original data horizontally?,ep_005396,"[THOUGHT] Let's run the updated script:
[ACTION] bash: cd /testbed && python reproduce_error.py
[OBSERVATION] OBSERVATION:
Original array:
[[-84 -40  16  95]
 [  2  39 -54  37]
 [ 41 -25   1  97]
 [ 56 -94  14  63]
 [  2  51   1  86]
 [  1 -95  10  68]]

Test 1: Split with integer
-------------------------
NumPy result (integer split):
Array 0:
[[-84 -40  16  95]
 [  2  39 -54  37]
 [ 41 -25  
... [truncated] ...

 [ 10  68]]

Modin result (axis=1):
Array 0:
array([[-84, -40],
       [  2,  39],
       [ 41, -25],
       [ 56, -94],
       [  2,  51],
       [  1, -95]])
Array 1:
array([[ 16,  95],
       [-54,  37],
       [  1,  97],
       [ 14,  63],
       [",,,,
q_0462,What was the error message when I tried to run the reproduction script to confirm the bug?,ep_000363,"[THOUGHT] Let's run the script to confirm the error:
[ACTION] bash: cd /testbed && python reproduce_error.py
[OBSERVATION] OBSERVATION:
Traceback (most recent call last):
  File ""<string>"", line 1, in <module>
  File ""/opt/miniconda3/envs/testbed/lib/python3.10/multiprocessing/spawn.py"", line 116, in spawn_main
    exitcode = _main(fd, parent_sentinel)
  File ""/opt/miniconda3/envs/testbed/lib/python3.10/multiprocess
... [truncated] ...
e(dsk, keys, **kwargs)
  File ""/opt/miniconda3/envs/testbed/lib/python3.10/concurrent/futures/_base.py"", line 403, in __get_result
    raise self._exception
concurrent.futures.process.BrokenProcessPool: A process in the process pool was terminated abrup",,,,
q_0249,"What was the outcome of the slice parsing tests, specifically regarding how the logic handled cases where the start index exceeded the list length or when the start was greater than the stop index?",ep_014185,"[THOUGHT] The changes look good. I've completely rewritten the slice parsing logic to handle all cases correctly:

1. First, we handle the start part of the slice
2. Then, we handle the stop part of the slice
3. Finally, we handle the step part of the slice, if present

Let's run our edge case tests again:
[ACTION] bash: cd /testbed && python test_edge_cases.py
[OBSERVATION] OBSERVATION:
Testing: Basic slice with start and stop
Template: {{ foo[1:2] }}
Result: [2]

Testing: Slice with only start
Template: {{ foo[1:] }}
Result: [2, 3, 4, 5]

Testing: Slice with only stop
Template: {{ foo[:2] }}
Result: [1, 2]

Testing: Slice with neither start nor stop
Templ
... [truncated] ...
n",,,,
q_0228,How did I adjust the logic for combining the processed number chunks when the list format was not requested?,ep_008170,"[THOUGHT] We still have issues. Let's try a different approach. The problem seems to be in how the chunks are processed and joined. Let's modify our fix to address the issue more comprehensively:
[ACTION] str_replace_editor: str_replace
[OBSERVATION] OBSERVATION:
The file /testbed/inflect/__init__.py has been edited. Here's the result of running `cat -n` on a snippet of /testbed/inflect/__init__.py:
  3926	            numchunks.append(decimal)
  3927	
  3928	        if wantlist:
  3929	            return [sign] * bool(sign) + numchunks
  39
... [truncated] ...
oin(numchunks)
  3939	            if group
  3940	            else ''.join(self._render(numchunks, decimal, comma))
  3941	  ",,,,
q_0245,Did the temporary value modification during the callback get persisted to the database before the chunking test was run?,ep_009467,"[THOUGHT] Perfect! The callback is called before the updates are applied, and the changes made in the callback (setting temp=999 for the first item) are reflected in the database.

4. **Chunking functionality**: Let's test that the chunking functionality still works correctly:
[ACTION] str_replace_editor: create
[OBSERVATION] OBSERVATION:
File created successfully at: /testbed/test_chunking.py",,,,
q_0211,What was the result when I checked if the stream was at the end while operating in non-blocking mode?,ep_005650,"[ACTION] bash: cd /testbed && python reproduce_nonblocking.py
[OBSERVATION] OBSERVATION:
=== Testing non-blocking stream ===
Current position: 4, Stream length: 9
Is at end (blocking mode)? False
Is at end (non-blocking mode)? None

=== Testing non-blocking stream at end ===
Current position: 9, Stream length: 9
Is at end (non-blocking mode)? None",,,,
q_0129,How did I confirm that the process termination status was handled correctly after fixing the check for whether a process is still running?,ep_012677,"[THOUGHT] I see that the `wait()` method already has the correct behavior for handling processes terminated by signals. It sets `self.exitstatus = None`, `self.signalstatus = os.WTERMSIG(status)`, and `self.terminated = True`. Our fix to the `isalive()` method makes it consistent with the `wait()` method.

##
[ACTION] submit: {}
[OBSERVATION] OBSERVATION:
Thank you for your work on this issue. Please carefully follow the steps below to help review your changes.

1. If you made any changes to your code after running the reproduction script, please run the reproduction script again.
  If the reproduction script is failing, please revisi
... [truncated] ...
nated flag: {getattr(p, 'terminate",,,,
q_0162,What did the observation show when I viewed the universal detector file?,ep_012018,"[ACTION] str_replace_editor: view
[OBSERVATION] OBSERVATION:
Here's the result of running `cat -n` on /testbed/chardet/universaldetector.py:
   250	            if not self._esc_charset_prober:
   251	                self._esc_charset_prober = EscCharSetProber(self.lang_filter)
   252	            if self._esc_charset_prober.feed(byte_str) == Pr
... [truncated] ...
   292	        """"""
   293	        # Don't bother with checks if we're already done
   294	        if self.done:
   295	            return self.result
   296	        self.done = True
   297	
   298	        if not self._got_data:
   299	            self.logger.debug(""no data received!"")
   300",,,,
q_0223,How did the code check if any child element was an instance of the dom_tag class?,ep_001554,"[THOUGHT] Let's continue reading the implementation:
[ACTION] str_replace_editor: view
[OBSERVATION] OBSERVATION:
Here's the result of running `cat -n` on /testbed/dominate/tags.py:
  1100	    http://msdn.microsoft.com/en-us/library/ms537512(VS.85).aspx
  1101	  '''
  1102	
  1103	  ATTRIBUTE_CONDITION = 'condition'
  1104	
  1105	  # Valid values are 'hidden', 'downlevel' or 'revealed'
  11
... [truncated] ...
3	    sb.append('<!')
  1114	    if not is_revealed:
  1115	      sb.append('--')
  1116	
  1117	    pretty = self._render_children(sb, indent_level - 1, indent_str, pretty, xhtml)
  1118	
  1119	    # if len(self.children) > 1:
  1120	    if any(isinstance(child, dom_ta",,,,
q_0041,What was the specific error message when I tried to run the script to reproduce the attachment import failure?,ep_008855,"[THOUGHT] Let's run the script to see the specific error:
[ACTION] bash: python /testbed/reproduce_error.py
[OBSERVATION] OBSERVATION:
[2025-04-01 02:44:31] INFO: reproduce_error: Attempting to import attachment...
[2025-04-01 02:44:31] ERROR: reproduce_error: Error importing attachment: local variable 'dst_path' referenced before assignment
Traceback (most recent call last):
  File ""/testbed/reproduce_error.py"", li
... [truncated] ...
40, in import_attachment
    LOGGER.info(""Skipping downloading {0} => {1}"".format(url, dst_path))
UnboundLocalError: local variable 'dst_path' referenced before assignment
Import completed. Output directory: /tmp/tmplivkvlee/output
Files directory does ",,,,
q_0278,How did the detection results for the MacRoman and Windows-1252 files change after applying the fix compared to the original reproduction script?,ep_007036,"[THOUGHT] Great! Now our fix is working correctly. The MacRoman file is detected as MacRoman with a confidence of 0.99, and the Windows-1252 file is detected as Windows-1252 with a confidence of 0.73.

Let's run our original reproduction script to confirm the fix:
[ACTION] bash: cd /testbed && python reproduce_error.py
[OBSERVATION] OBSERVATION:
Regular detect: {'encoding': 'Windows-1254', 'confidence': 0.35282407489507106, 'language': 'Turkish'}
With should_rename_legacy=True: {'encoding': 'Windows-1254', 'confidence': 0.35282407489507106, 'language': 'Turkish'}

All possible encodings:
  Windows-1254: 0.3528
  windows-12
... [truncated] ...
ncoding.
Daniel Blanchard's work includes s",,,,
q_0021,How did I originally isolate the bug in the column generation logic by creating a standalone reproduction script?,ep_008487,"[THOUGHT] Now I understand what's happening. The `columns` method in the `CreateQueryBuilder` class is correctly handling the tuple inputs, but the `make_columns` function is not. Let's create a script that directly uses the `make_columns` function to see the issue:
[ACTION] str_replace_editor: create
[OBSERVATION] OBSERVATION:
File created successfully at: /testbed/reproduce_error_direct.py",,,,
q_0434,What was the initial code snippet I viewed for the ExtensionDtype class?,ep_006665,"[THOUGHT] Let's look at the `ExtensionDtype` class:
[ACTION] str_replace_editor: view
[OBSERVATION] OBSERVATION:
Here's the result of running `cat -n` on /testbed/pandas/core/dtypes/base.py:
    44	class ExtensionDtype:
    45	    """"""
    46	    A custom data type, to be paired with an ExtensionArray.
    47	
    48	    See Also
    49	    --------
    50	    extensions.register_extension_d
... [truncated] ...
Array for this dtype and the passed values:
    95	
    96	    >>> import pyarrow
    97	    >>> from pandas.api.extensions import ExtensionArray
    98	    >>> class ExtensionDtype:
    99	    ...     def __from_arrow__(
   100	    ...         self, array: pyarrow.Array |",,,,
q_0068,How did I update the reindent filter to apply the direct formatting approach within the case processing method?,ep_006968,"[THOUGHT] Great! Our direct formatter works correctly. Let's implement this approach in the `_process_case` method:
[ACTION] str_replace_editor: str_replace
[OBSERVATION] OBSERVATION:
The file /testbed/sqlparse/filters/reindent.py has been edited. Here's the result of running `cat -n` on a snippet of /testbed/sqlparse/filters/reindent.py:
   187	                        adjust = 0
   188	                        tlist.insert_before(token, self.nl(offset=adjust))
   
... [truncated] ...
    # Replace the original tokens with the formatted ones
   371	        tlist.tokens = formatted_tokens
   372	
   373	    def _process_values(self, tlist):
   374	        tlist.insert_before(0, self.nl(",,,,
q_0227,What was the outcome of the final test run after I modified the script to verify the fix for handling zero ping intervals?,ep_014450,"[THOUGHT] Perfect! Now we can see that with a zero ping interval, ping frames are being sent approximately every 2 seconds (which is the interval at which the `timeout_checker` function is called). This confirms that our fix for handling zero ping intervals is working correctly.

Let's run one final test with
[ACTION] str_replace_editor: str_replace
[OBSERVATION] OBSERVATION:
The file /testbed/reproduce_websocket_issue.py has been edited. Here's the result of running `cat -n` on a snippet of /testbed/reproduce_websocket_issue.py:
    37	                    await send({""type"": ""websocket.send"", ""text"": f""Echo: {message['text']}""})
    38	                eli
... [truncated] ...
/testbed"",
 ",,,,
q_0151,How did the code update the internal echo state flag after calling the underlying system function?,ep_000991,"[ACTION] str_replace_editor: view
[OBSERVATION] OBSERVATION:
Here's the result of running `cat -n` on /testbed/ptyprocess/ptyprocess.py:
   475	    def setecho(self, state):
   476	        '''Enable or disable terminal echo.
   477	
   478	        Anything the child sent before the echo will be lost, so you should be
   479	        sure that
... [truncated] ...
     p.expect(['1234'])
   502	            p.expect(['abcd'])
   503	            p.expect(['wxyz'])
   504	
   505	
   506	        Not supported on platforms where ``isatty()`` returns False.
   507	        '''
   508	        _setecho(self.fd, state)
   509	
   510	        self.echo = state",,,,
q_0369,How did I locate the definition of the cancellation exception class in the source code?,ep_006490,"[THOUGHT] After reviewing the code, I think the best approach is to modify the `Cancelled` exception class to track which `CancelScope` it came from, and then set the `cancelled_caught` flag when the exception is caught.

Let's look at the `Cancelled` exception class:
[ACTION] bash: grep -n ""class Cancelled"" /testbed/src/trio/_core/_exceptions.py
[OBSERVATION] OBSERVATION:
30:class Cancelled(BaseException, metaclass=NoPublicConstructor):",,,,
q_0217,What did I change the test case to use instead of n=1 to bypass the validation error?,ep_014344,"[THOUGHT] I see the issue now. The function `_modified_bessel_i` is raising an error when n=1 because it has a check that requires n to be greater than 1. However, according to the PR description, we should be able to calculate the modified Bessel function for n=1. 

Let's modify our script to use n=2 to see
[ACTION] str_replace_editor: str_replace
[OBSERVATION] OBSERVATION:
The file /testbed/reproduce_error.py has been edited. Here's the result of running `cat -n` on a snippet of /testbed/reproduce_error.py:
     1	import torch
     2	import numpy as np
     3	from monai.networks.layers.convutils import _modified_bessel_i, _modified_bessel_0, _modified_
... [truncated] ...
4	    print(""D",,,,
q_0154,How did I verify the current state of the terminal echo flag during the wait loop?,ep_001003,"[THOUGHT] The error is different from what was described in the PR. Let's look at the `waitnoecho()` function again:
[ACTION] str_replace_editor: view
[OBSERVATION] OBSERVATION:
Here's the result of running `cat -n` on /testbed/ptyprocess/ptyprocess.py:
   427	    def waitnoecho(self, timeout=None):
   428	        '''Wait until the terminal ECHO flag is set False.
   429	
   430	        This returns True if the echo mode is off, or False if echo was not
  
... [truncated] ...
        if not self.getecho():
   448	                return True
   449	            if timeout < 0 and timeout is not None:
   450	                return False
   451	            if timeout is not None:
   45",,,,
q_0177,What command did I use to delete the temporary Python scripts I had created?,ep_008402,"[THOUGHT] Let me remove the test scripts I created:
[ACTION] bash: rm /testbed/reproduce_bug.py /testbed/test_edge_cases.py
[OBSERVATION] Your command ran successfully and did not produce any output.",,,,
q_0397,Did I create a new test file to handle edge cases?,ep_003484,"[THOUGHT] Great! The fix works. Now the custom template with a query string has 3 options as expected, and the current value is correctly set to '1'.

## Step 5: Think about edge cases and make sure the fix handles them

Let's consider some edge cases:

1. What if the query string is empty?
2. What if the def
[ACTION] str_replace_editor: create
[OBSERVATION] OBSERVATION:
File created successfully at: /testbed/test_edge_cases.py",,,,
q_0139,What were the results when I tested the script with complex and integer inputs to verify the initial behavior?,ep_000315,"[THOUGHT] Let's run the script to confirm the error:
[ACTION] bash: cd /testbed && python reproduce_error.py
[OBSERVATION] OBSERVATION:
Success with complex: 1j
Success with int: 144",,,,
q_0141,What did I create to start testing the edge cases for the protocol switching fix?,ep_003051,"[THOUGHT] Great! The issue is fixed. Both the client and server are now correctly transitioning to the SWITCHED_PROTOCOL state for both CONNECT and Upgrade methods.

## Step 5: Think about edge cases and make sure the fix handles them

Let's consider some edge cases:

1. What if the server rejects the protoco
[ACTION] str_replace_editor: create
[OBSERVATION] OBSERVATION:
File created successfully at: /testbed/test_edge_cases.py",,,,
q_0326,"What were the results of the edge case tests for nested subspecs, complex expressions, and comparing two subspecs?",ep_000591,"[THOUGHT] Let's run the edge case tests:
[ACTION] bash: cd /testbed && python test_edge_cases.py
[OBSERVATION] OBSERVATION:
Edge case 1: Nested subspecs
Result: [{'user': {'id': 2, 'active': False}}, {'user': {'id': 3, 'active': True}}]
Success: Correctly filtered to items with user.id > 1

Edge case 2: Complex expressions
Result: [{'user': {'id': 3, 'active': True}}]
Success: Correctly filtered to items with user.id > 1 AND user.active is True

Edge case 3: Comparing two subspecs
Result: [{'min': 5, 'max': 10}, {'min': 5, 'max': 15}]
Success: Correctly filtered to items where min < max",,,,
q_0175,Which file did I create to test the handling of complex nested types?,ep_004148,"[THOUGHT] It seems there might be an issue with how the complex nested types are checked. Let's modify our complex test case to make it more focused on the specific issue:
[ACTION] str_replace_editor: create
[OBSERVATION] OBSERVATION:
File created successfully at: /testbed/tuple_literal_test.py",,,,
q_0170,Where was the definition for the class that handles building create table queries located?,ep_009254,"[THOUGHT] Let's search for the CreateQueryBuilder class which should contain the missing methods:
[ACTION] bash: grep -n ""class CreateQueryBuilder"" /testbed/pypika/queries.py
[OBSERVATION] OBSERVATION:
1767:class CreateQueryBuilder:",,,,
q_0088,Did the script successfully reduce the points in a GPX file that contained only waypoints?,ep_003747,"[THOUGHT] Let's run the script:
[ACTION] bash: python /testbed/reproduce_error_waypoints.py
[OBSERVATION] OBSERVATION:
GPX has routes: 0
GPX has tracks: 0
GPX has waypoints: 3

Trying to reduce points on a GPX with only waypoints...
Success!

Test completed",,,,
q_0096,What was the output when I tried to run the script with a logger that does not exist?,ep_005595,"[THOUGHT] This works as expected too. We can see debug logs from both the `__main__` and `hydra` loggers.

3. **Non-existent logger**: Let's test with a non-existent logger:
[ACTION] bash: cd /testbed && python reproduce_error.py hydra.verbose=non_existent_logger
[OBSERVATION] OBSERVATION:
[2025-04-01 03:12:28,569][__main__][INFO] - Info level message",,,,
q_0439,Did the script execute successfully after the recent modifications?,ep_014915,"[THOUGHT] Let's run the script again to see if our changes fixed the issue:
[ACTION] bash: cd /testbed && python reproduce.py
[OBSERVATION] OBSERVATION:
|                                        | ▁▃▅ 0/1 [0%] in 0s (~0s, 0.0/s) on 0: First line
on 0: Second line
on 0: Third line
|████████████████████████████████████████| 1/1 [100%] in 0.0s (2135.68/s)",,,,
q_0303,Did I stop the background process after confirming the form data fix was successful?,ep_000736,"[THOUGHT] Interesting! It seems like the multipart form data handling is actually working correctly with our fix. Let's kill the server:
[ACTION] bash: kill 415
[OBSERVATION] OBSERVATION:
[1]+  Terminated              cd /testbed && python debug_multipart.py",,,,
q_0050,Did I create a script to reproduce the error described in the PR?,ep_011696,"[THOUGHT] ## Step 2: Create a script to reproduce the error

Let's create a script to reproduce the error as described in the PR description:
[ACTION] str_replace_editor: create
[OBSERVATION] OBSERVATION:
File created successfully at: /testbed/reproduce.py",,,,
q_0199,What was the summary of the fix I submitted after confirming it worked for the original reproduction script?,ep_012992,"[THOUGHT] Great! The fix works for the original reproduction script as well.

## Summary of the fix

The issue was that the `match_queue_entry_by_name` method in the `BaseStashQueue` class was only checking for SHA matches, not for name matches. Additionally, when there were multiple experiments with the same
[ACTION] submit: {}
[OBSERVATION] OBSERVATION:
Thank you for your work on this issue. Please carefully follow the steps below to help review your changes.

1. If you made any changes to your code after running the reproduction script, please run the reproduction script again.
  If the reproduction script is failing, please revisi
... [truncated] ...
sh_rev}"")
+    remaining_revs.app",,,,
q_0297,Did I verify whether the BigQuery dialect supports a specific handler for the STRUCT function?,ep_005941,"[THOUGHT] Let's check if there's a specific STRUCT function handler in the BigQuery dialect:
[ACTION] bash: grep -A 100 ""FUNCTIONS = {"" /testbed/sqlglot/dialects/bigquery.py | grep -n ""STRUCT""
[OBSERVATION] Your command ran successfully and did not produce any output.",,,,
q_0131,How does the code currently look up load balancers when provided with their ARNs?,ep_003317,"[THOUGHT] The `set_security_groups` method is already using the correct approach to look up load balancers by ARN. It's using `self.load_balancers.get(arn)` which is the right way to get a load balancer by its ARN.

Let's check if there are any other methods that might be affected by this issue:
[ACTION] bash: grep -n ""self.load_balancers.get"" /testbed/moto/elbv2/models.py
[OBSERVATION] OBSERVATION:
1460:        balancer = self.load_balancers.get(load_balancer_arn)
1518:            matched_balancer = self.load_balancers.get(arn)
1557:            listeners = self.load_balancers.get(load_balancer_arn).listeners.values()  # type: ignore
1618:            return list(self.load_balanc
... [trun",,,,
q_0120,How did I verify that the token placement logic works correctly across different configuration scenarios?,ep_009529,"[THOUGHT] Let's run the verification script:
[ACTION] bash: python /testbed/verify_fix.py
[OBSERVATION] OBSERVATION:
Test 1: Using default token placement (AUTH_HEADER)
✓ Token correctly placed in Authorization header

Test 2: Override with URI_QUERY
✓ Token correctly placed in URI query

Test 3: Using default token placement (BODY)
✓ Token correctly placed in request body

Test 4: Override with AUTH_HEADER
✓ Token correctly placed in Authorization header

All tests passed! The fix works correctly.",,,,
q_0358,Where did I last check the implementation of the Pil module drawer to see how it handles pasting rounded corners?,ep_016385,"[ACTION] str_replace_editor: view
[OBSERVATION] OBSERVATION:
Here's the result of running `cat -n` on /testbed/qrcode/image/styles/moduledrawers/pil.py:
     1	from typing import TYPE_CHECKING, List
     2	
     3	from PIL import Image, ImageDraw
     4	from qrcode.image.styles.moduledrawers.base import QRModuleDrawer
     5	
     6	if TYPE
... [truncated] ...
   right = self.ROUND_RIGHT if right_rounded else self.SQUARE
   262	            self.img._img.paste(left, (box[0][0], box[0][1] + self.delta))
   263	            self.img._img.paste(
   264	                right, (box[0][0] + self.half_width, box[0][1] + self.delta)
   265	            )
   266",,,,
q_0180,Where is the function that ensures a value is a positive integer defined in the gunicorn configuration file?,ep_016019,"[THOUGHT] Let's search for the `validate_pos_int` function in the config.py file:
[ACTION] bash: grep -n ""def validate_pos_int"" /testbed/gunicorn/config.py
[OBSERVATION] OBSERVATION:
357:def validate_pos_int(val):",,,,
q_0370,How did I fix the script that was failing because it was using categories instead of x and y values for the scatter plot?,ep_015835,"[THOUGHT] It seems we need to modify our script. The error is because we're trying to create an XY scatter chart but using categories instead of x and y values. Let's fix the script:
[ACTION] str_replace_editor: str_replace
[OBSERVATION] OBSERVATION:
The file /testbed/reproduce_error.py has been edited. Here's the result of running `cat -n` on a snippet of /testbed/reproduce_error.py:
     1	from pptx import Presentation
     2	from pptx.chart.data import XyChartData
     3	from pptx.enum.chart import XL_CHART_TYPE
     4	from p
... [truncated] ...
00, 6000000, 4000000
    15	chart = slide.shapes.add_chart(
    16	    XL_CHART_TYPE.XY_SCATTER, x, y, cx, cy, chart_data
    17	).chart
",,,,
q_0037,What happened when I tried to use a Group specification with an integer value instead of a collection?,ep_010886,"[THOUGHT] Let's run the updated test:
[ACTION] bash: cd /testbed && python test_edge_cases.py
[OBSERVATION] OBSERVATION:
Basic dict: {}
Basic list: []

Dict subclasses:
OrderedDict: OrderedDict()
defaultdict: defaultdict(None, {})

Custom classes:
DictLike: {}

Non-container specs:
Traceback (most recent call last):
  File ""/testbed/test_edge_cases.py"", line 28, in <module>
    print(""Integer:"", glom(range(5), Group(5)))  # Should raise BadSpec
  File ""/testbed/glom/core.py"", line 2295, in glom
    raise err
glom.core.BadSpec: error raised while processing, details below.
 Target-spec trace (most recent last):
 - Target: range(0, 5)
 - Spec: Group(5)
 - Target: 0
 - Spec",,,,
q_0160,How did I handle the special case where a context manager is defined as a method inside a class?,ep_004977,"[THOUGHT] Great! It works when we apply `@typechecked` directly to a function with `@contextmanager`. The issue is when we have a class with a method that uses `@contextmanager`. Let's create a special case for that:
[ACTION] str_replace_editor: str_replace
[OBSERVATION] OBSERVATION:
The file /testbed/src/typeguard/_runtime_typechecking.py has been edited. Here's the result of running `cat -n` on a snippet of /testbed/src/typeguard/_runtime_typechecking.py:
    21	    This is used as a fallback when AST-based instrumentation fails.
    22	    """"""
    23	    # Get
... [truncated] ...
_code__.co_flags & inspect.CO_GENERATOR:
    45	                is_context_manager = True
    46	    
  ",,,,
q_0004,Did the original reproduction script still work after fixing the tests?,ep_010342,"[THOUGHT] Great! All the tests are now passing. Let's also run our original reproduction script to make sure it still works:
[ACTION] bash: python /testbed/reproduce_bug.py
[OBSERVATION] OBSERVATION:
Original task: (<built-in function sum>, (<class 'map'>, <function inc at 0x71b7f4633d90>, [1, 2, 3]))
Lazified task: (<built-in function sum>, (<class 'map'>, <function inc at 0x71b7f4633d90>, [1, 2, 3]))

Complex original task: (<built-in function sum>, (<class 'filter'>, <function <lambda> at 0x71b7f4476dd0>, (<class 'map'>, <function inc at 0x71b7f4633d90>, [1, 2, 3])))
Complex lazified task: (<built-in function sum>, (<class 'filter'>, <function <lambda> at 0x71b7f4476dd0>, (<class 'map",,,,
q_0093,How did I handle the edge case for invalid base64 encoding in the passphrase?,ep_001810,"[THOUGHT] Great! All tests are passing, including our new test for invalid base64 encoding in the passphrase.

Let's make sure our implementation handles this edge case correctly by adding a try-except block for base64 decoding:
[ACTION] str_replace_editor: str_replace
[OBSERVATION] OBSERVATION:
The file /testbed/moto/acm/models.py has been edited. Here's the result of running `cat -n` on a snippet of /testbed/moto/acm/models.py:
   562	    ) -> None:
   563	        # get_cert does arn check
   564	        cert_bundle = self.get_certificate(arn)
   565	        cert_bundle.t
... [truncated] ...
  599	        # Return the certificate, chain, and private key
   600	        return certifica",,,,
q_0304,What file did I create to handle the browser form simulation?,ep_000775,"[THOUGHT] Let's create a more complex test case that simulates a browser form submission:
[ACTION] str_replace_editor: create
[OBSERVATION] OBSERVATION:
File created successfully at: /testbed/browser_simulation.py",,,,
q_0188,What was the result of the reproduction script after I fixed the generator decorator issue in the profiling tool?,ep_010090,"[THOUGHT] The profiling results look good. All the functions are being profiled correctly, and the time spent in each line is being recorded.

## Summary

I've successfully fixed the issue with the generator decorator in kernprof.py. The problem was that the `wrap_generator` method in the `ContextualProfile`
[ACTION] submit: {}
[OBSERVATION] OBSERVATION:
Thank you for your work on this issue. Please carefully follow the steps below to help review your changes.

1. If you made any changes to your code after running the reproduction script, please run the reproduction script again.
  If the reproduction script is failing, please revisi
... [truncated] ...
r.py.lprof
new file mode 100644
i",,,,
q_0374,What was the fix I applied to ensure the result from the matching function is returned immediately when it is not empty?,ep_003462,"[THOUGHT] The issue is that the `value` returned by `ud_match` is not being used. Let's fix this by adding a check to return the value if it's not None:
[ACTION] str_replace_editor: str_replace
[OBSERVATION] OBSERVATION:
The file /testbed/inflect/__init__.py has been edited. Here's the result of running `cat -n` on a snippet of /testbed/inflect/__init__.py:
  3044	        count = self.get_count(count)
  3045	
  3046	        if count == 1:
  3047	            return word
  3048	
  3049	        # HAN
... [truncated] ...
      if value is not None:
  3053	            return value
  3054	
  3055	        # HANDLE IRREGULAR PRESENT TENSE (SIMPLE AND COMPOUND)
  3056	
  3057	        try:",,,,
q_0453,How did I resolve the infinite recursion problem in the function that generates unique schema names by switching from a recursive to an iterative approach?,ep_008541,"[THOUGHT] ## Summary of the fix

I've fixed the infinite recursion issue in the `get_unique_schema_name` function by:

1. Rewriting it to use an iterative approach instead of recursion, which avoids the risk of stack overflow.
2. Ensuring that the counter is properly incremented and that we're always appendin
[ACTION] submit: {}
[OBSERVATION] OBSERVATION:
Thank you for your work on this issue. Please carefully follow the steps below to help review your changes.

1. If you made any changes to your code after running the reproduction script, please run the reproduction script again.
  If the reproduction script is failing, please revisi
... [truncated] ...
int(""Getting a unique name for 'Us",,,,
q_0094,Did I delete the temporary test files I had created earlier?,ep_008958,"[THOUGHT] Let me remove the test scripts I created:
[ACTION] bash: rm /testbed/reproduce_issue.py /testbed/test_edge_cases.py /testbed/test_idempotence.py /testbed/test_partial_entities.py
[OBSERVATION] Your command ran successfully and did not produce any output.",,,,
q_0468,Did I create a test file to check how the caching behaves when the template content changes?,ep_002884,"[THOUGHT] 2. Let's test with a template that changes after being cached:
[ACTION] str_replace_editor: create
[OBSERVATION] OBSERVATION:
File created successfully at: /testbed/test_auto_reload.py",,,,
q_0292,Where did I save the script I created to reproduce the issue?,ep_008997,"[THOUGHT] Let's create a simpler script to reproduce the issue:
[ACTION] str_replace_editor: create
[OBSERVATION] OBSERVATION:
File created successfully at: /testbed/simple_reproduce.py",,,,
q_0340,How did I verify that the word cloud generation worked correctly for both file input and standard input?,ep_009625,"[THOUGHT] Let's run the test script:
[ACTION] bash: cd /testbed && python test_fixed.py
[OBSERVATION] OBSERVATION:
Running command: cd /testbed && python -m wordcloud --text input.txt --imagefile - > output_fixed.png
Output file created with size: 29540 bytes
Success! The fix works.

Running command: cd /testbed && cat input.txt | python -m wordcloud --text - --imagefile output_stdin.png
Output file created with size: 29539 bytes
Success! Reading from stdin works.",,,,
q_0407,Did the forward and reverse applications of the delta to the lists result in matches with the original lists?,ep_001385,"[ACTION] bash: cd /testbed && python pr_example.py
[OBSERVATION] OBSERVATION:
Forward application (l1 + delta): ['B', 'C', 'X', 'D', 'H', 'Y', 'Z']
Matches l2: True
Reverse application (l2 - delta): ['A', 'B', 'C', 'D', 'E', 'F', 'G', 'D', 'H']
Matches l1: True",,,,
q_0408,What was the final step I took after confirming that all tests passed and the model behaved as expected?,ep_011982,"[THOUGHT] Excellent! All our tests have passed, which confirms that our fix is working correctly and handles the edge cases we considered:

1. The model can be instantiated and run with and without conditioning.
2. The model has the expected properties of a PyTorch module, including parameter registration.
3.
[ACTION] submit: {}
[OBSERVATION] OBSERVATION:
Thank you for your work on this issue. Please carefully follow the steps below to help review your changes.

1. If you made any changes to your code after running the reproduction script, please run the reproduction script again.
  If the reproduction script is failing, please revisi
... [truncated] ...
nux"" and ""arm"" not in platform_mac",,,,
q_0187,Did I modify the MockNode class to align with the Node interface in the test_edge_cases.py file?,ep_015066,"[THOUGHT] Now let's update our MockNode class to match the Node interface:
[ACTION] str_replace_editor: str_replace
[OBSERVATION] OBSERVATION:
The file /testbed/test_edge_cases.py has been edited. Here's the result of running `cat -n` on a snippet of /testbed/test_edge_cases.py:
     1	from parsimonious.grammar import Grammar
     2	from parsimonious.nodes import Node
     3	
     4	# Create a mock Node-like object
     5
... [truncated] ...
    17	    def __iter__(self):
    18	        return iter(self.children)
    19	
    20	# Test different return types from custom rule functions
    21	def test_return_int(text, pos, cache, error, grammar):
Review the changes and make sure they",,,,
q_0334,How should the base class handle constraints when checking for inconsistencies?,ep_013123,"[THOUGHT] Now let's look at the `isInconsistent` method in the `SequenceOfAndSetOfBase` class. The issue is that the constraints are not being properly applied. Let's also look at the `base.py` file to understand how constraints are supposed to be applied:
[ACTION] str_replace_editor: view
[OBSERVATION] OBSERVATION:
Here's the result of running `cat -n` on /testbed/pyasn1/type/base.py:
     1	#
     2	# This file is part of pyasn1 software.
     3	#
     4	# Copyright (c) 2005-2020, Ilya Etingof <etingof@gmail.com>
     5	# License: https://pyasn1.readthedocs.io/en/latest/license.html
     6	
... [truncated] ...

    92	        out ASN.1 types comparison.
    93	
    94	        Pytho",,,,
q_0213,What were the specific SQL output comparisons between the actual and expected results for the two test cases I just ran?,ep_001913,"[THOUGHT] Now let's run our script again to see if the issue is fixed:
[ACTION] bash: cd /testbed && python reproduce_error.py
[OBSERVATION] OBSERVATION:
Example 1:
Actual: INSERT INTO ""abc"" VALUES (1,'m') ON CONFLICT (""id"") DO UPDATE SET ""abc""=1 WHERE ""abc"".""abc""=1
Expected: INSERT INTO ""abc"" VALUES (1,'m') ON CONFLICT (""id"") DO UPDATE SET ""abc""=1 WHERE ""abc"".""abc""=1

Example 2:
Actual: INSERT INTO ""abc"" SELECT ""abc"" FROM ""bcd"" WHERE ""abc""='1' ON CONFLICT (""id"") DO UPDATE SET ""field""='val' WHERE ""abc"".""id""=2 AND ""abc"".""sub_id""=3
Expected: INSERT INTO ""abc"" SELECT ""bcd"".""abc"" FROM ""bcd"" WHERE ""bcd"".""abc""='1' ON CONFLICT (""id"") DO UPDATE SET ""field""='val' WHERE ""abc"".""id""=2 AND ""abc"".""s",,,,
q_0127,Did the HTTP response include the cookie header after the script was executed?,ep_004187,"[THOUGHT] Now let's run the updated script:
[ACTION] bash: cd /testbed && python reproduce_cookie_issue.py
[OBSERVATION] OBSERVATION:
Response after setting cookie: {'status': 200, 'headers': [[b'Content-Type', b'text/plain']], 'body': b'Cookie test'}
Message sent: {'type': 'http.response.start', 'status': 200, 'headers': [[b'Content-Type', b'text/plain']]}
Message sent: {'type': 'http.response.body', 'body': b'Cookie test', 'more_body': False}

No cookie headers found in the response!
This confirms the issue described in the PR.",,,,
q_0011,What was the outcome of the batch update operation when processing ten records at a time?,ep_014265,"[ACTION] bash: cd /testbed && python test_chunk_size.py
[OBSERVATION] OBSERVATION:
After update_many with chunk_size=10:
ID: 0, Value: updated
ID: 1, Value: updated
ID: 2, Value: updated
ID: 3, Value: updated
ID: 4, Value: updated
ID: 5, Value: updated
ID: 6, Value: updated
ID: 7, Value: updated
ID: 8, Value: updated
ID: 9, Value: updated",,,,
q_0006,What did I do to fix the import in the test file?,ep_012931,"[THOUGHT] Let's fix the import:
[ACTION] str_replace_editor: str_replace
[OBSERVATION] OBSERVATION:
The file /testbed/test_pr_examples.py has been edited. Here's the result of running `cat -n` on a snippet of /testbed/test_pr_examples.py:
     1	from conan.tools.build.flags import cppstd_flag
     2	
     3	def direct_cppstd_flag(compiler, compiler_version, cppstd):
     4	    """"""
Review the changes and make sure they are as expected. Edit the file again if necessary.",,,,
q_0442,What was the result when I tested the script that included checks for a missing variable and a misspelled list method?,ep_011333,"[THOUGHT] Let's run the modified script:
[ACTION] bash: cd /testbed && python reproduce.py
[OBSERVATION] OBSERVATION:
Testing NameError suggestion:
  | exceptiongroup.ExceptionGroup: a (1 sub-exception)
  +-+---------------- 1 ----------------
    | Traceback (most recent call last):
    |   File ""/testbed/reproduce.py"", line 6, in <module>
    |     folder  # This should suggest 'filter'
    | N
... [truncated] ...
-------------
    | Traceback (most recent call last):
    |   File ""/testbed/reproduce.py"", line 15, in <module>
    |     [].attend  # This should suggest 'append'
    | AttributeError: 'list' object has no attribute 'attend'. Did you mean: '__add__'?
    +----------",,,,
q_0246,What did I do with the temporary test scripts I had created?,ep_006724,"[THOUGHT] Let's remove the test scripts we created:
[ACTION] bash: rm /testbed/reproduce_error.py /testbed/comprehensive_test.py
[OBSERVATION] Your command ran successfully and did not produce any output.",,,,
q_0396,"What does the documentation say about the expected URL result when setting conflicting network location components like netloc, host, and port?",ep_001853,"[THOUGHT] Let's look at the `set()` method in the `furl` class, which is likely the one mentioned in the PR description:
[ACTION] str_replace_editor: view
[OBSERVATION] OBSERVATION:
Here's the result of running `cat -n` on /testbed/furl/furl.py:
  1620	
  1621	        return self
  1622	
  1623	    def set(self, args=_absent, path=_absent, fragment=_absent, query=_absent,
  1624	            scheme=_absent, username=_absent, password=_absent, host=_absent,
  1
... [truncated] ...
xample
  1642	
  1643	          furl('http://google.com/').set(
  1644	            netloc='yahoo.com:99', host='bing.com', port=40)
  1645	
  1646	        will result in a UserWarning being raised and the ",,,,
q_0425,What was the result of the first byte comparison when I ran the reproduction script after the data mismatch was detected?,ep_003140,"[THOUGHT] Let's run the script again to see if we can reproduce the issue:
[ACTION] bash: cd /testbed && python reproduce_issue.py
[OBSERVATION] OBSERVATION:
Seeking to position: 549686
Data length: 793, Expected length: 793
Data matches: False
First 20 bytes of data: 8c018d018e018f01900191019201930194019501
First 20 bytes of expected: 019b019c019d019e019f01a001a101a201a301a4
First mismatch at position 0: data[0]=140, expected[0]=1",,,,
q_0345,What were the results of the test run using the controlled training data?,ep_010306,"[THOUGHT] Let's run our test with the controlled training data again:
[ACTION] bash: cd /testbed && python test_with_different_formulas.py
[OBSERVATION] OBSERVATION:
Test case 1 - 'b d':
Detected language: fr
Expected: fr

Test case 2 - 'ああああa':
Detected language: ja
Expected: ja",,,,
q_0089,What was the output of the synthetic test script when it calculated the simplified polyline length and printed the coordinates?,ep_009952,"[THOUGHT] Let's view the file to see what's wrong:
[ACTION] str_replace_editor: view
[OBSERVATION] OBSERVATION:
Here's the result of running `cat -n` on /testbed/synthetic_test.py:
     1	#!/usr/bin/env python3
     2	
     3	from gpxpy.geo import simplify_polyline, Location, length_2d, distance_from_line
     4	
     5	# Create a synthetic polyline with a specific pattern that might trigger
... [truncated] ...
ed_length - original_length:.2f} m"")
    43	    print(f""Percentage: {(simplified_length / original_length * 100):.2f}%"")
    44	    
    45	    # Print the points for inspection
    46	    print(""Points:"")
    47	    for p in simplified:
    48	        print(f""  ({p.latitud",,,,
q_0426,Did I update the test case for the default constructor to ensure it works with varying numbers of arguments?,ep_010422,"[THOUGHT] Let's also update the default constructor test:
[ACTION] str_replace_editor: str_replace
[OBSERVATION] OBSERVATION:
The file /testbed/test_edge_cases.py has been edited. Here's the result of running `cat -n` on a snippet of /testbed/test_edge_cases.py:
    54	# Test 4: Default constructor with no params
    55	print(""\nTest 4: Default constructor with no params"")
    56	DefaultFunc = CustomFunctio
... [truncated] ...
 print(f""SQL with 2 args: {result3.get_sql()}"")
    69	    print(""SUCCESS: Function with default constructor works with any number of arguments"")
    70	except Exception as e:
    71	    print(f""ERROR: {e}"")
Review the changes and make sure they are as expected.",,,,
q_0026,What did I change in the retry logic to fix the issue where the code failed because a variable was used before it was defined?,ep_000434,"[THOUGHT] Great, we've confirmed the error. The script fails with an `UnboundLocalError` because the `exception` variable is referenced before it's assigned in the `__call__` method of `retry_unless_exception_type`.

## Step 3: Edit the source code to resolve the issue

Let's fix the `retry_unless_exception_t
[ACTION] str_replace_editor: str_replace
[OBSERVATION] OBSERVATION:
The file /testbed/tenacity/retry.py has been edited. Here's the result of running `cat -n` on a snippet of /testbed/tenacity/retry.py:
   123	        ] = Exception,
   124	    ) -> None:
   125	        self.exception_types = exception_types
   126	        super().__init__(lambda e: 
... [truncated] ...
lse:
   138	",,,,
q_0077,What specific code modification did I make to the array class's normalization method to address the discrepancy between the numpy and modin results?,ep_003849,"[THOUGHT] Great! We've confirmed the error. The numpy result and modin result are different, and they're not equal.

## Step 3: Edit the source code to resolve the issue

Based on the PR description and our code review, the issue is in the `_norm` method of the `array` class. Specifically, when calculating th
[ACTION] str_replace_editor: str_replace
[OBSERVATION] OBSERVATION:
The file /testbed/modin/numpy/arr.py has been edited. Here's the result of running `cat -n` on a snippet of /testbed/modin/numpy/arr.py:
  1854	            apply_axis = self._ndim + axis
  1855	        else:
  1856	            apply_axis = axis or 0
  1857	        if apply_axis >= s
... [truncated] ...
_axis ^ 1)
 ",,,,
q_0184,How does the main formatting function process the SQL input to return a list of stripped statements?,ep_007214,"[THOUGHT] Based on the PR description, we need to focus on the `strip_comments` functionality. Let's first look at the main entry point in `__init__.py` to understand how the formatting is done:
[ACTION] str_replace_editor: view
[OBSERVATION] OBSERVATION:
Here's the result of running `cat -n` on /testbed/sqlparse/__init__.py:
     1	#
     2	# Copyright (C) 2009-2020 the sqlparse authors and contributors
     3	# <see AUTHORS file>
     4	#
     5	# This module is part of python-sqlparse and is released under
     6	# the BSD Licen
... [truncated] ...
strip_semicolon: If True, remove trainling semicolons
    68	        (default: False).
    69	    :returns: A list of strings.
    70",,,,
q_0262,How did I investigate the update_destination method in the models file to identify the handling of the S3 backup mode parameter?,ep_002082,"[THOUGHT] Let's look at the `update_destination` method in the models.py file, which is likely where the issue is:
[ACTION] str_replace_editor: view
[OBSERVATION] OBSERVATION:
Here's the result of running `cat -n` on /testbed/moto/firehose/models.py:
   593	    def update_destination(  # pylint: disable=unused-argument
   594	        self,
   595	        delivery_stream_name: str,
   596	        current_delivery_stream_version_id: str,
   597	        des
... [truncated] ...
     # Unimplemented: processing of the ""S3BackupMode"" parameter.  Per the
   684	        # documentation:  ""You can update a delivery stream to enable Amazon
   685	        # S3 backup if it is disabled.  If backu",,,,
q_0207,Where did I look to find the definition and usage of the method responsible for parsing function calls?,ep_005945,"[THOUGHT] Let's look at the _parse_function_call method:
[ACTION] bash: grep -n ""_parse_function_call"" /testbed/sqlglot/parser.py | head -5
[OBSERVATION] OBSERVATION:
3400:        return self._parse_function_call()
5487:        func = self._parse_function_call(
5499:    def _parse_function_call(",,,,
q_0182,What was the result of running the test script to verify the fix for the parent and child class initialization?,ep_002716,"[THOUGHT] Let's run the updated test script:
[ACTION] bash: cd /testbed && python test_astroid_fix.py
[OBSERVATION] OBSERVATION:
Parent class: Parent
Child class: Child

Testing _get_previous_field_default function:
Default value for 'a' in Child: None

Checking __init__ method:
__init__ method found: FunctionDef.__init__(name='__init__',
                     position=Position(lineno=1, col_offset=0, end_
... [truncated] ...
doc_node=None,
                     body=[<Assign l.2 at 0x7828293d7d60>])

def __init__(self, b: str) -> None:
    self.b = b

Checking for __post_init__ method:
__post_init__ method not found

Checking instance creation:
Instance created: Instance of ",,,,
q_0095,How did I fix the fragment resolution issue in the reference resolver class?,ep_002640,"[THOUGHT] After reviewing the code, I can see that the issue is in the `resolve_fragment` method of the `_RefResolver` class. The problem is in the conditional block starting at line 1148:

```python
if document is self.referrer:
    pass
else:
    def find(key):
        yield from _search_schema(document, _m
[ACTION] str_replace_editor: create
[OBSERVATION] OBSERVATION:
File created successfully at: /testbed/reproduce_error.py",,,,
q_0100,What did I see when I first opened the CSS matcher implementation file?,ep_003782,"[THOUGHT] Now let's look at the implementation of the CSS selectors in the codebase:
[ACTION] str_replace_editor: view
[OBSERVATION] OBSERVATION:
<NOTE>This file is too large to display entirely. Showing abbreviated version. Please use `str_replace_editor view` with the `view_range` parameter to show selected lines next.</NOTE>
     1 """"""CSS matcher.""""""
     2 from __future__ import annotations
     3 from datetime import date
... [truncated] ...
this tool after you have searched inside the file with `grep -n` in order to find the line numbers of what you are looking for.</NOTE>
<IMPORTANT><NOTE>The above file has been abbreviated. Please use `str_replace editor view` with `view_range` t",,,,
q_0419,Did I re-run the language detection tests with the controlled data to verify that French and Japanese inputs were correctly identified?,ep_010321,"[THOUGHT] Let's run our test with the controlled training data again:
[ACTION] bash: cd /testbed && python test_with_different_formulas.py
[OBSERVATION] OBSERVATION:
Test case 1 - 'b d':
Detected language: fr
Expected: fr

Test case 2 - 'ああああa':
Detected language: ja
Expected: ja",,,,
q_0394,What was the result of running the script to verify the patch logic?,ep_001370,"[THOUGHT] Let's run the updated script:
[ACTION] bash: cd /testbed && python reproduce_error.py
[OBSERVATION] OBSERVATION:
Original diff:
{'iterable_item_removed': {'root[0]': 'A', 'root[4]': 'E'},
 'values_changed': {'root[3]': {'new_value': 'X', 'old_value': 'D'},
                    'root[5]': {'new_value': 'Y', 'old_value': 'F'},
                    'root[6]': {'new_value': 'Z', 'old_value': 'G'}}}
... [truncated] ...
e': 4, 'old_value': 2},
                    'root[3]': {'new_value': 2, 'old_value': 4},
                    'root[4]': {'new_value': 1, 'old_value': 5}}}

Forward application (t1 + delta2): [5, 4, 3, 2, 1]
Matches t2: True

Reverse application (t2 - delta2): [1",,,,
q_0155,What happened when I executed the script to verify the fixes for the string constraint issues?,ep_001665,"[THOUGHT] Let's run the updated script:
[ACTION] bash: cd /testbed && python reproduce_error.py
[OBSERVATION] OBSERVATION:
Simple string constraint works
Complex string constraint works
Error with duplicated constraint: index 0 is out of bounds for axis 0 with size 0
Error with invalid string in list: unsupported operand type(s) for //: 'str' and 'tuple'",,,,
